Level 1,Level 2,Level 3,Level 4
Arts & Entertainment,,,
Arts & Entertainment,Books & Literature,,
Arts & Entertainment,Humor,,
Arts & Entertainment,Movies,,
Arts & Entertainment,Music,,
Arts & Entertainment,Television,,
Arts & Entertainment,Concerts,,
Arts & Entertainment,Photography,,
Automotive & Cars,,,
Automotive & Cars,Auto Repair,,
Automotive & Cars,Buying & Selling,Cars,
Automotive & Cars,Buying & Selling,Boats,
Automotive & Cars,Car Culture,,
Automotive & Cars,Boating,,
Automotive & Cars,Current vehicle owners,,
Business,,,
Business,Business Professionals,,
Business,Business Professionals,Small Business Owners,
Careers & Jobs,Job Seekers,,
Education,,,
Family & Parenting,Babies & Toddlers,,
Family & Parenting,Caretakers,,
Family & Parenting,Dads,,
Family & Parenting,Moms,,
Health & Fitness,Exercise,,
Health & Fitness,Exercise,Fitness Devices,
Health & Fitness,Exercise,Hiking,
Health & Fitness,Exercise,Running,
Health & Fitness,Weight Loss,,
Health & Fitness,Pharmacy Patrons,,
Food & Drink,Dining Out,,
Food & Drink,Dining Out,Frequent Restaurant Goers,
Food & Drink,Home Chefs,,
Food & Drink,Fast Food,,
Food & Drink,Foodies,,
Hobbies & Interests,Arts & Crafts,,
Hobbies & Interests,Board Games & Puzzles,,
Hobbies & Interests,Card Games,,
Hobbies & Interests,Casino Visitors,,
Hobbies & Interests,Photography,,
Hobbies & Interests,Video & Computer Games,,
Hobbies & Interests,Mobile Gaming Apps,,
Hobbies & Interests,Mobile Gaming Apps,Action,
Hobbies & Interests,Mobile Gaming Apps,Adventure,
Hobbies & Interests,Mobile Gaming Apps,Racing,
Hobbies & Interests,Mobile Gaming Apps,Role Playing Games,
Hobbies & Interests,Mobile Gaming Apps,Sports,
Hobbies & Interests,Mobile Gaming Apps,Social & Casual gaming,Fantasy Sports
Hobbies & Interests,Photo & Video Apps,,
Home & Garden,Gardening,,
Home & Garden,Home Repair,,
News,E-news readers,,
Personal Finance,,,
Personal Finance,Financial Planning,,
Personal Finance,Insurance,,
Personal Finance,Insurance,Home Insurance,
Personal Finance,Insurance,Automobile Insurance,
Personal Finance,Investing,,
Personal Finance,Retirement Planning,,
Personal Finance,Active Trader,,
Personal Finance,Banking Services,,
Personal Finance,Mobile Payment Services,,
Society,Dating,,
Society,Marriage,,
Society,Engaged,,
Pets,,,
Pets,Cats,,
Pets,Dogs,,
Sports,Baseball,,
Sports,Bicycling,,
Sports,Football,,
Sports,Game & Fish,,
Sports,Golf,,
Sports,Hunting & Shooting,,
Sports,Pro Basketball,,
Sports,Pro Ice Hockey,,
Sports,Skiing,,
Sports,Surfing,,
Sports,Soccer,,
Sports,UFC,,
Sports,Tennis,,
Sports,College Sports,,
Sports,College Sports,Basketball,
Sports,College Sports,Football,
Sports,Extreme Sports,,
Style & Fashion,Fashion,,
Style & Fashion,Fashion,Designer Goods,
Style & Fashion,Fashion,Upscale,
Technology & Computing,Cell Phones,,
Technology & Computing,Cell Phones,Mobile Apps,
Technology & Computing,Internet Technology,Communication,
Technology & Computing,Internet Technology,Communication,Social Influencers
Technology & Computing,Entertainment,Home Entertainment,
Technology & Computing,GPS,,
Technology & Computing,Home Automation,,
Technology & Computing,Streaming,,
Technology & Computing,Streaming,Cord Cutter,
Technology & Computing,Streaming,Cord Cutter,Subscription Content Streamers
Technology & Computing,Streaming,Streaming TV Subscribers,,
Travel,,,
Travel,Vacation Travel,,
Travel,Air Travel,,
Travel,Business Travel,,
Travel,Camping,,
Travel,Cruises,,
Travel,Hotels,,
Travel,Road Trip,,
Real Estate,Apartments,,
Real Estate,Apartments,Apartment Hunters,
Shopping & Retail,Groceries & Essentials,Candy & Gum,
Shopping & Retail,Groceries & Essentials,Bakery & Bread,
Shopping & Retail,Groceries & Essentials,Baking & Cooking,
Shopping & Retail,Groceries & Essentials,Breakfast & Cereal,
Shopping & Retail,Groceries & Essentials,Dairy & Eggs,
Shopping & Retail,Groceries & Essentials,Meat & Seafood & Poultry,
Shopping & Retail,Groceries & Essentials,Pasta & Rice,
Shopping & Retail,Groceries & Essentials,Beverage,
Shopping & Retail,Groceries & Essentials,Beverage,Coffee & Tea
Shopping & Retail,Groceries & Essentials,Beverage,Wine
Shopping & Retail,Groceries & Essentials,Beverage,Beer & Ale & Cider
Shopping & Retail,Groceries & Essentials,Frozen Foods,
Shopping & Retail,Groceries & Essentials,Fresh Produce,
Shopping & Retail,Baby & Toddler,Diapering & Care,Diapers
Shopping & Retail,Baby & Toddler,Nursing & Feeding,Baby Formula
Shopping & Retail,Health Diet & Nutrition,Nutritional Supplements & Weight Control,
Shopping & Retail,Health Diet & Nutrition,Medicine & Pain Relief,
Shopping & Retail,Health Diet & Nutrition,Oral Care,
Shopping & Retail,Health Diet & Nutrition,Personal Care,
Shopping & Retail,Health Diet & Nutrition,Vitamins & Oils,
Shopping & Retail,Beauty & Care,Bath & Body,
Shopping & Retail,Beauty & Care,Facial Care,
Shopping & Retail,Beauty & Care,Fragrance,
Shopping & Retail,Beauty & Care,Hair Care,
Shopping & Retail,Beauty & Care,Hair Removal,
Shopping & Retail,Beauty & Care,Makeup & Cosmetics,
Shopping & Retail,Pets,Dogs,Dog Food
Shopping & Retail,Pets,Cats,Cat Food
Shopping & Retail,Pets,Pet Supplies,
Shopping & Retail,Home Essentials,Household Cleaner,
Shopping & Retail,Home Essentials,Laundry,
Shopping & Retail,Home Essentials,Paper Goods,
Shopping & Retail,Home Essentials,Air Fresheners,
Shopping & Retail,Cigarettes & Tobacco,Cigarettes,
Shopping & Retail,Home & Garden,Home Improvement,
Shopping & Retail,Home & Garden,Garden,
Shopping & Retail,Home & Garden,Furniture,
Shopping & Retail,Home & Garden,Kitchen,
Shopping & Retail,Clothing Shoes Fashion & Accessories,Clothing,Women's Apparel
Shopping & Retail,Clothing Shoes Fashion & Accessories,Clothing,Men's Apparel
Shopping & Retail,Clothing Shoes Fashion & Accessories,Clothing,Baby & Kid's Apparel
Shopping & Retail,Clothing Shoes Fashion & Accessories,Clothing,Jewelry & Watches
Shopping & Retail,Clothing Shoes Fashion & Accessories,Clothing,Athletic Shoes and Sneakers
Shopping & Retail,Automotive Parts & Accessories,Oil & Filters,Motor Oil
Shopping & Retail,Automotive Parts & Accessories,Tires,
Shopping & Retail,Electronics & Appliances,Appliances,
Shopping & Retail,Electronics & Appliances,Electronics,TV & Home Theatre
Shopping & Retail,Electronics & Appliances,Electronics,Camera
Shopping & Retail,Sports & Outdoors,Bicycles,
Shopping & Retail,Sports & Outdoors,Golf,
Shopping & Retail,Sports & Outdoors,Fishing,
Shopping & Retail,Sports & Outdoors,Hunting,
Shopping & Retail,Sports & Outdoors,Jogging & Running,
Shopping & Retail,Sports & Outdoors,Health & Fitness,Yoga
Shopping & Retail,Sports & Outdoors,Health & Fitness,Home Gym Equipment
Shopping & Retail,Sports & Outdoors,Camping & Outdoors,
Shopping & Retail,Hobbies & Toys,Games,Board Games
Shopping & Retail,Hobbies & Toys,Games,Video Games
Shopping & Retail,Gifts,Gift Cards,
